﻿{
	"name": "nightmare",
	"version": "1.0",
	"description": "ARG game from The Minigames Infection",
	"id": "ytsodacan.github.io",
	"viewport-width": 320,
	"viewport-height": 180,
	"author": "ytsodacan",
	"email": "",
	"website": "",
	"orientations": "any",
	"c2version": "280",
	"ife": true,
	"used-plugins": [
		"Audio",
		"Browser",
		"Keyboard",
		"Mouse",
		"Sprite",
		"Spritefont2",
		"Text",
		"WebStorage"
	],
	"used-behaviors": [
		"EightDir",
		"bound",
		"scrollto",
		"solid"
	]
}